{
    "loss": 4.628139972686768,
    "accuracy": 0.5086206793785095
}